{"UnsupervisedType":0,"KMeansWrap":{"KClusters":3,"Clusters":[[0,6,7,8,9,13,18,20,24,25,26,28,31,35,38,39,41,52,60,63,65,66,74,77,80,86,88,89,90,91,93,97,105,115,117,118,125,135,140,143,144,146,147,148,149,154,158,161,165,170,174,179,183,185,187,192,196,199,200,205,206,207,213,218,219,229,232,238,239,242,243,244,247,248,250,256,264,268,270,271,272,274,281,282,287,288,291,294,295,296,304,308,309,313,318,319,321,322,323,324,326,330,334,335,339,342,345,349,356,358,359,360,361,362,363,364,366,367,368,375,376,381,382,385,390,391,397,398,402,403,409,412,417,418,419,421,422,423,430,432,442,445,446,447,454,455,456,457,458,459,465,466,467,470,472,473,476,478,479,480,482,483,485,487,488,491,494,495,496,499],[2,3,12,15,19,29,32,33,34,37,44,45,46,47,50,51,53,54,56,58,61,64,69,70,71,73,79,81,82,84,85,87,94,96,98,100,102,109,110,111,120,121,123,126,131,132,133,137,141,145,155,156,157,159,160,162,163,166,171,173,175,176,178,181,186,190,191,194,195,197,198,201,208,214,215,217,220,222,223,224,227,228,230,234,235,240,241,245,246,249,251,253,254,255,257,266,267,273,275,277,279,283,284,285,289,290,297,300,301,303,307,315,316,327,329,331,332,336,337,338,340,344,346,351,352,353,355,357,371,374,380,383,393,394,400,401,405,406,407,410,411,414,420,424,426,428,436,437,438,439,443,448,449,450,451,452,463,468,469,471,474,477,486,493,498],[1,4,5,10,11,14,16,17,21,22,23,27,30,36,40,42,43,48,49,55,57,59,62,67,68,72,75,76,78,83,92,95,99,101,103,104,106,107,108,112,113,114,116,119,122,124,127,128,129,130,134,136,138,139,142,150,151,152,153,164,167,168,169,172,177,180,182,184,188,189,193,202,203,204,209,210,211,212,216,221,225,226,231,233,236,237,252,258,259,260,261,262,263,265,269,276,278,280,286,292,293,298,299,302,305,306,310,311,312,314,317,320,325,328,333,341,343,347,348,350,354,365,369,370,372,373,377,378,379,384,386,387,388,389,392,395,396,399,404,408,413,415,416,425,427,429,431,433,434,435,440,441,444,453,460,461,462,464,475,481,484,489,490,492,497]],"Centroids":[{"ElementsOneD":[-1.9296768,-8.810664],"ElementsTwoD":null,"ElementsThreeD":null,"_shape":{"Height":2,"Width":0,"Depth":0},"Shape":{"Height":2,"Width":0,"Depth":0}},{"ElementsOneD":[-0.68617254,-3.9851658],"ElementsTwoD":null,"ElementsThreeD":null,"_shape":{"Height":2,"Width":0,"Depth":0},"Shape":{"Height":2,"Width":0,"Depth":0}},{"ElementsOneD":[5.8610716,-4.1102915],"ElementsTwoD":null,"ElementsThreeD":null,"_shape":{"Height":2,"Width":0,"Depth":0},"Shape":{"Height":2,"Width":0,"Depth":0}}]}}