{"UnsupervisedType":0,"KMeansWrap":{"KClusters":3,"Clusters":[[0,6,7,8,9,13,18,20,24,25,26,28,31,35,38,39,41,46,52,60,61,63,65,66,69,71,73,74,77,80,86,87,88,89,90,91,93,97,100,105,115,117,118,123,125,135,140,143,144,146,147,148,149,154,156,158,161,163,165,170,171,174,179,183,185,187,190,192,196,198,199,200,205,206,207,213,215,218,219,228,229,232,235,238,239,242,243,244,246,247,248,250,256,264,268,270,271,272,274,281,282,287,288,291,294,295,296,297,304,308,309,313,318,319,321,322,323,324,326,329,330,332,334,335,337,338,339,342,345,349,356,358,359,360,361,362,363,364,366,367,368,375,376,381,382,385,390,391,397,398,400,402,403,406,409,412,417,418,419,421,422,423,430,432,436,442,445,446,447,454,455,456,457,458,459,465,466,467,470,472,473,476,478,479,480,482,483,485,487,488,491,494,495,496,498,499],[2,3,10,12,15,19,22,29,32,33,34,36,37,44,45,47,50,51,53,54,56,58,64,70,79,81,82,84,85,94,96,98,102,109,110,111,113,119,120,121,126,131,132,133,134,137,141,145,155,157,159,160,162,166,167,168,173,175,176,177,178,181,186,191,194,195,197,201,208,214,216,217,220,222,223,224,227,230,231,234,237,240,241,245,249,251,253,254,255,257,261,266,267,273,275,277,279,280,283,284,285,289,290,300,301,302,303,307,315,316,327,331,336,340,344,346,351,352,353,355,357,365,371,374,380,383,393,394,401,404,405,407,410,411,414,420,424,426,428,435,437,438,439,440,443,444,448,449,450,451,452,463,468,469,471,474,477,484,486,493],[1,4,5,11,14,16,17,21,23,27,30,40,42,43,48,49,55,57,59,62,67,68,72,75,76,78,83,92,95,99,101,103,104,106,107,108,112,114,116,122,124,127,128,129,130,136,138,139,142,150,151,152,153,164,169,172,180,182,184,188,189,193,202,203,204,209,210,211,212,221,225,226,233,236,252,258,259,260,262,263,265,269,276,278,286,292,293,298,299,305,306,310,311,312,314,317,320,325,328,333,341,343,347,348,350,354,369,370,372,373,377,378,379,384,386,387,388,389,392,395,396,399,408,413,415,416,425,427,429,431,433,434,441,453,460,461,462,464,475,481,489,490,492,497]],"Centroids":[{"ElementsOneD":[-1.8899105,-8.31868],"ElementsTwoD":null,"ElementsThreeD":null,"_shape":{"Height":2,"Width":0,"Depth":0},"Shape":{"Height":2,"Width":0,"Depth":0}},{"ElementsOneD":[0.14005256,-3.9346046],"ElementsTwoD":null,"ElementsThreeD":null,"_shape":{"Height":2,"Width":0,"Depth":0},"Shape":{"Height":2,"Width":0,"Depth":0}},{"ElementsOneD":[6.068245,-3.9830954],"ElementsTwoD":null,"ElementsThreeD":null,"_shape":{"Height":2,"Width":0,"Depth":0},"Shape":{"Height":2,"Width":0,"Depth":0}}]}}