{"UnsupervisedType":0,"KMeansWrap":{"KClusters":3,"Clusters":[[0,6,7,9,13,18,20,24,25,26,28,31,35,38,39,41,52,60,63,65,66,74,80,86,89,90,91,93,97,105,115,118,125,135,143,144,146,147,148,149,154,158,161,165,179,183,185,187,192,196,199,200,205,206,207,213,218,219,232,242,243,244,247,248,250,256,264,268,270,271,272,274,281,282,287,288,291,294,295,296,304,308,309,313,318,319,321,322,323,326,330,334,335,342,345,349,356,358,359,360,361,362,363,364,366,367,368,375,376,381,382,385,390,397,402,403,409,412,417,418,419,421,423,430,432,442,445,447,454,455,456,457,459,465,466,467,470,472,473,476,478,479,480,482,483,485,487,488,491,494,495,496,499],[8,46,61,69,71,73,77,87,88,100,117,123,126,140,156,163,170,171,174,190,198,215,228,229,235,238,239,246,297,324,329,331,332,337,338,339,391,398,400,406,422,436,446,458,498],[1,2,3,4,5,10,11,12,14,15,16,17,19,21,22,23,27,29,30,32,33,34,36,37,40,42,43,44,45,47,48,49,50,51,53,54,55,56,57,58,59,62,64,67,68,70,72,75,76,78,79,81,82,83,84,85,92,94,95,96,98,99,101,102,103,104,106,107,108,109,110,111,112,113,114,116,119,120,121,122,124,127,128,129,130,131,132,133,134,136,137,138,139,141,142,145,150,151,152,153,155,157,159,160,162,164,166,167,168,169,172,173,175,176,177,178,180,181,182,184,186,188,189,191,193,194,195,197,201,202,203,204,208,209,210,211,212,214,216,217,220,221,222,223,224,225,226,227,230,231,233,234,236,237,240,241,245,249,251,252,253,254,255,257,258,259,260,261,262,263,265,266,267,269,273,275,276,277,278,279,280,283,284,285,286,289,290,292,293,298,299,300,301,302,303,305,306,307,310,311,312,314,315,316,317,320,325,327,328,333,336,340,341,343,344,346,347,348,350,351,352,353,354,355,357,365,369,370,371,372,373,374,377,378,379,380,383,384,386,387,388,389,392,393,394,395,396,399,401,404,405,407,408,410,411,413,414,415,416,420,424,425,426,427,428,429,431,433,434,435,437,438,439,440,441,443,444,448,449,450,451,452,453,460,461,462,463,464,468,469,471,474,475,477,481,484,486,489,490,492,493,497]],"Centroids":[{"ElementsOneD":[-2.0100157,-9.013844],"ElementsTwoD":null,"ElementsThreeD":null,"_shape":{"Height":2,"Width":0,"Depth":0},"Shape":{"Height":2,"Width":0,"Depth":0}},{"ElementsOneD":[-1.4635721,-5.786366],"ElementsTwoD":null,"ElementsThreeD":null,"_shape":{"Height":2,"Width":0,"Depth":0},"Shape":{"Height":2,"Width":0,"Depth":0}},{"ElementsOneD":[2.977504,-3.953837],"ElementsTwoD":null,"ElementsThreeD":null,"_shape":{"Height":2,"Width":0,"Depth":0},"Shape":{"Height":2,"Width":0,"Depth":0}}]}}