{"UnsupervisedType":0,"KMeansWrap":{"KClusters":3,"Clusters":[[1,4,5,10,11,12,14,16,17,21,22,23,27,30,32,34,36,37,40,42,43,44,48,49,50,53,55,56,57,58,59,62,67,68,72,75,76,78,83,84,85,92,95,96,99,101,103,104,106,107,108,109,111,112,113,114,116,119,122,124,127,128,129,130,134,136,137,138,139,142,145,150,151,152,153,159,160,164,166,167,168,169,172,177,180,181,182,184,188,189,193,194,195,197,202,203,204,209,210,211,212,214,216,217,221,224,225,226,231,233,236,237,245,252,253,258,259,260,261,262,263,265,269,276,278,279,280,283,285,286,292,293,298,299,301,302,305,306,310,311,312,314,315,317,320,325,328,333,336,341,343,347,348,350,352,354,357,365,369,370,371,372,373,374,377,378,379,384,386,387,388,389,392,395,396,399,401,404,408,410,413,415,416,424,425,427,428,429,431,433,434,435,439,440,441,444,448,449,453,460,461,462,464,469,471,474,475,477,481,484,486,489,490,492,493,497],[0,6,7,13,18,20,25,26,28,31,35,38,41,52,63,65,80,86,89,90,91,93,97,115,118,135,144,146,147,148,149,158,165,183,185,187,192,196,199,200,205,207,213,218,242,243,244,247,248,250,264,268,270,271,272,274,281,282,287,288,291,296,304,309,313,318,321,322,323,326,330,334,335,342,345,349,356,358,359,360,361,362,363,366,367,368,375,381,382,385,390,397,402,409,412,417,418,421,430,432,442,445,447,454,455,456,457,459,465,466,467,470,472,476,479,480,482,483,485,487,488,491,495,496],[2,3,8,9,15,19,24,29,33,39,45,46,47,51,54,60,61,64,66,69,70,71,73,74,77,79,81,82,87,88,94,98,100,102,105,110,117,120,121,123,125,126,131,132,133,140,141,143,154,155,156,157,161,162,163,170,171,173,174,175,176,178,179,186,190,191,198,201,206,208,215,219,220,222,223,227,228,229,230,232,234,235,238,239,240,241,246,249,251,254,255,256,257,266,267,273,275,277,284,289,290,294,295,297,300,303,307,308,316,319,324,327,329,331,332,337,338,339,340,344,346,351,353,355,364,376,380,383,391,393,394,398,400,403,405,406,407,411,414,419,420,422,423,426,436,437,438,443,446,450,451,452,458,463,468,473,478,494,498,499]],"Centroids":[{"ElementsOneD":[4.5477095,-3.9458828],"ElementsTwoD":null,"ElementsThreeD":null,"_shape":{"Height":2,"Width":0,"Depth":0},"Shape":{"Height":2,"Width":0,"Depth":0}},{"ElementsOneD":[-2.2114892,-9.224946],"ElementsTwoD":null,"ElementsThreeD":null,"_shape":{"Height":2,"Width":0,"Depth":0},"Shape":{"Height":2,"Width":0,"Depth":0}},{"ElementsOneD":[-1.13917,-5.2334948],"ElementsTwoD":null,"ElementsThreeD":null,"_shape":{"Height":2,"Width":0,"Depth":0},"Shape":{"Height":2,"Width":0,"Depth":0}}]}}